{"weights": [2.936738164649186, 0.9150930687571318, 0.9529262210125727, 0.0054156897893537755, -0.14381986161475593, 0.446800646657572, 0.19042503939994485, -0.08094358789157807, -0.041933583038813844, 0.039804611898615914, -0.3013798833737408, 0.35001445127770703, 0.05871791246420355], "bias": -2.6759190920575158}